Workbook

Sheet Carteira
A1: Ativo | B1: Quantidade | C1: PrecoUnitario | D1: Volatilidade
A2: PETR4 | B2: 10000 | C2: 32.5 | D2: 0.025
A3: VALE3 | B3: 8000 | C3: 68.2 | D3: 0.022
A4: ITUB4 | B4: 15000 | C4: 28.1 | D4: 0.018
A5: BBDC4 | B5: 12000 | C5: 14.75 | D5: 0.02
A6: WEGE3 | B6: 6000 | C6: 41.3 | D6: 0.028

Sheet Parametros
A1: Parametro | B1: Valor
A2: FatorConfianca | B2: 1.65
A3: LimiteVaR | B3: 50000

Sheet Calculo
A1: Ativo | B1: Exposicao | C1: VaRIndividual
A2: =Carteira!A2 | B2: =Carteira!B2*Carteira!C2 | C2: =B2*Carteira!D2*Parametros!$B$2
A3: =Carteira!A3 | B3: =Carteira!B3*Carteira!C3 | C3: =B3*Carteira!D3*Parametros!$B$2
A4: =Carteira!A4 | B4: =Carteira!B4*Carteira!C4 | C4: =B4*Carteira!D4*Parametros!$B$2
A5: =Carteira!A5 | B5: =Carteira!B5*Carteira!C5 | C5: =B5*Carteira!D5*Parametros!$B$2
A6: =Carteira!A6 | B6: =Carteira!B6*Carteira!C6 | C6: =B6*Carteira!D6*Parametros!$B$2

Sheet Relatorio
A1: Ativo | B1: Exposicao | C1: VaRIndividual | D1: VaRTotal | E1: LimiteVaR | F1: Status
A2: =Calculo!A2 | B2: =Calculo!B2 | C2: =Calculo!C2 | D2: =SUM(Calculo!C2:C6) | E2: =Parametros!$B$3 | F2: =IF(D2>E2,"EXCEDIDO","OK")
A3: =Calculo!A3 | B3: =Calculo!B3 | C3: =Calculo!C3 | D3: =SUM(Calculo!C2:C6) | E3: =Parametros!$B$3 | F3: =IF(D3>E3,"EXCEDIDO","OK")
A4: =Calculo!A4 | B4: =Calculo!B4 | C4: =Calculo!C4 | D4: =SUM(Calculo!C2:C6) | E4: =Parametros!$B$3 | F4: =IF(D4>E4,"EXCEDIDO","OK")
A5: =Calculo!A5 | B5: =Calculo!B5 | C5: =Calculo!C5 | D5: =SUM(Calculo!C2:C6) | E5: =Parametros!$B$3 | F5: =IF(D5>E5,"EXCEDIDO","OK")
A6: =Calculo!A6 | B6: =Calculo!B6 | C6: =Calculo!C6 | D6: =SUM(Calculo!C2:C6) | E6: =Parametros!$B$3 | F6: =IF(D6>E6,"EXCEDIDO","OK")
